time,delta_time,bots,huey_pos,huey_facing,enemy_pos,huey_old_pos,huey_velocity,enemy_old_pos[-1],enemy_velocity,speed,turn,left_speed,right_speed,angle,direction
13:47:00,2.288818359375e-05,"{'huey': {'bb': [99.13626817533684, 582.1403853383393, 20, 20], 'center': [109.13626817533684, 592.1403853383393], 'orientation': 325.0}, 'enemy': {'bb': [500, 210, 20, 20], 'center': [120, 540]}}",[109.13626818 592.14038534],325.0,[120 540],[10 10],[ -4331329.64742592 -25434101.52902227],"[array([ 10, 590])]",[ 4805973.33333333 -2184533.33333333],0.5822182075841946,0.4177817924158053,0,0,75.20072263484495,[ 120.86373182 -102.14038534]
