time,delta_time,bots,huey_pos,huey_facing,enemy_pos,huey_old_pos,huey_velocity,enemy_old_pos[-1],enemy_velocity,speed,turn,left_speed,right_speed,angle,direction
14:00:21,2.002716064453125e-05,"{'huey': {'bb': [99.13626817533684, 582.1403853383393, 20, 20], 'center': [109.13626817533684, 592.1403853383393], 'orientation': 325.0}, 'enemy': {'bb': [500, 210, 20, 20], 'center': [120, 540]}}",[109.13626818 592.14038534],325.0,[ 120 -540],[109 592],[-6804.16848676 -7009.74745402],"[array([120, 540])]",[0. 0.],0.37094167608011563,0.6913901173003689,0,0,124.4502211140664,[   10.86373182 -1132.14038534]
