time,delta_time,bots,huey_pos,huey_facing,enemy_pos,huey_old_pos,huey_velocity,enemy_old_pos[-1],enemy_velocity,speed,turn,left_speed,right_speed,angle,direction
11:48:17,0.0,"{'huey': {'bb': [0, 0, 20, 20], 'center': [10, 10], 'orientation': 0.0}, 'enemy': {'bb': [780, 580, 20, 20], 'center': [10, 590]}}",[10 10],0.0,[ 10 590],[10 10],[0. 0.],"[array([ 10, 590])]",[0. 0.],0.5,-0.5,0,0,-90.0,[  0. 580.]
11:48:17,0.013007164001464844,"{'huey': {'bb': [138, 154, 20, 20], 'center': [148, 164], 'orientation': 270.0}, 'enemy': {'bb': [500, 210, 20, 20], 'center': [510, 220]}}",[148 164],270.0,[510 220],[10 10],[-10609.53794266 -11839.62929834],"[array([ 10, 590]), array([ 10, 590])]",[ 38440.35486473 -28445.8625999 ],0.38880488169043315,0.6111951183095669,0.5,0.0,110.01512129572204,[ 862. -314.]
11:48:17,0.008992671966552734,"{'huey': {'bb': [199.21307092309192, 397.12606428385743, 20, 20], 'center': [209.21307092309192, 407.12606428385743], 'orientation': 0}, 'enemy': {'bb': [500, 210, 20, 20], 'center': [510, 220]}}",[209.21307092 407.12606428],0,[510 220],[148 164],[ -6806.99475648 -27036.02057188],"[array([ 10, 590]), array([ 10, 590]), array([510, 220])]",[0. 0.],0.8228520108516717,0.17714798914832827,-0.11119511830956685,0.5,31.886638046699087,[ 300.78692908 -187.12606428]
