time,delta_time,bots,huey_pos,huey_facing,enemy_pos,huey_old_pos,huey_velocity,enemy_old_pos[-1],enemy_velocity,speed,turn,left_speed,right_speed,angle,direction
13:43:45,3.0994415283203125e-06,"{'huey': {'bb': [0, 0, 20, 20], 'center': [10, 10], 'orientation': 0.0}, 'enemy': {'bb': [780, 580, 20, 20], 'center': [10, 590]}}",[10 10],0.0,[ 10 590],[10 10],[0. 0.],"[array([ 10, 590])]",[0. 0.],0.5,-0.5,0,0,-90.0,[  0. 580.]
13:43:45,0.0014150142669677734,"{'huey': {'bb': [138, 154, 20, 20], 'center': [148, 164], 'orientation': 270.0}, 'enemy': {'bb': [500, 210, 20, 20], 'center': [510, 220]}}",[148 164],270.0,[510 220],[10 10],[ -97525.51844987 -108832.82493682],"[array([ 10, 590]), array([ 10, 590])]",[ 353353.32771693 -261481.46251053],0.38880488169043315,0.6111951183095669,0.5,0.0,110.01512129572204,[ 862. -314.]
13:43:45,0.0004649162292480469,"{'huey': {'bb': [199.21307092309192, 397.12606428385743, 20, 20], 'center': [209.21307092309192, 407.12606428385743], 'orientation': 90}, 'enemy': {'bb': [500, 210, 20, 20], 'center': [510, 220]}}",[209.21307092 407.12606428],90,[510 220],[148 164],[-131664.73242308 -522945.96098976],"[array([ 10, 590]), array([ 10, 590]), array([510, 220])]",[0. 0.],0.6771479891483283,-0.3228520108516717,-0.11119511830956685,0.5,-58.1133619533009,[ 300.78692908 -187.12606428]
13:43:45,0.0006520748138427734,"{'huey': {'bb': [99.13626817533684, 582.1403853383393, 20, 20], 'center': [109.13626817533684, 592.1403853383393], 'orientation': 325.0}, 'enemy': {'bb': [500, 210, 20, 20], 'center': [120, 540]}}",[109.13626818 592.14038534],325.0,[120 540],[209.21307092 407.12606428],[ 153474.4183079  -283731.73925269],"[array([ 10, 590]), array([ 10, 590]), array([510, 220]), array([510, 220])]",[-598090.88117002  490741.23583181],0.39022883172272893,-0.6097711682772711,0.5,0.1771479891483283,-109.75881028990878,[-379.13626818  267.85961466]
