time,delta_time,bots,huey_pos,huey_facing,enemy_pos,huey_old_pos,huey_velocity,enemy_old_pos[-1],enemy_velocity,speed,turn,left_speed,right_speed,angle,direction
10:36:42,1.4089558124542236,"{'huey': {'bb': [np.float64(159.89583631968134), -10, 20, 20], 'center': [np.float64(169.89583631968134), 0], 'orientation': np.float64(332.87089873890756)}, 'enemy': {'bb': [780, 580, 20, 20], 'center': [790, 590]}}",[169.89583632  -0.        ],332.87089873890756,[790 590],[1200 1200],[731.11175991 851.69455947],"[array([0, 0])]",[-560.69891832 -418.74982507],0.15071722922829112,-0.8492827707717089,0,0,-152.87089873890758,[-169.89583632    0.        ]
10:36:43,1.0125949382781982,"{'huey': {'bb': [np.float64(335.86856610165586), -10, 20, 20], 'center': [np.float64(345.86856610165586), 0], 'orientation': np.float64(314.0564973174235)}, 'enemy': {'bb': [605.0, 455.0, 20, 20], 'center': [615.0, 465.0]}}",[345.8685661  -0.       ],314.0564973174235,[615. 465.],[169.89583632  -0.        ],[-173.78393189    0.        ],"[array([0, 0]), array([790, 590])]",[172.82330119 123.44521513],0.9606370091540988,-0.03936299084590123,0.5,-0.3492827707717089,-7.085338352262221,[444.1314339 590.       ]
10:36:44,1.0176458358764648,"{'huey': {'bb': [np.float64(455.98282116267166), -10, 20, 20], 'center': [np.float64(465.98282116267166), 0], 'orientation': np.float64(296.2142264033466)}, 'enemy': {'bb': [560.0, 410.0, 20, 20], 'center': [570.0, 420.0]}}",[465.98282116  -0.        ],296.2142264033466,[570. 420.],[345.8685661  -0.       ],[-118.03149075    0.        ],"[array([0, 0]), array([790, 590]), array([615., 465.])]",[44.21970632 44.21970632],0.9530817572243135,-0.04691824277568643,0.5,0.4606370091540988,-8.445283699623557,[149.01717884 465.        ]
