time,delta_time,bots,huey_pos,huey_facing,enemy_pos,huey_old_pos,huey_velocity,enemy_old_pos[-1],enemy_velocity,speed,turn,left_speed,right_speed,angle,direction
13:47:27,9.5367431640625e-07,"{'huey': {'bb': [199.21307092309192, 397.12606428385743, 20, 20], 'center': [209.21307092309192, 407.12606428385743], 'orientation': 90}, 'enemy': {'bb': [500, 210, 20, 20], 'center': [510, 220]}}",[209.21307092 407.12606428],90,[510 220],[10 10],[-2.08890045e+08 -4.16416860e+08],"[array([ 10, 590])]",[ 5.2428800e+08 -3.8797312e+08],0.6934846243185813,-0.3065153756814188,0,0,-55.17276762265538,[ 800.78692908 -557.12606428]
13:47:27,0.0015208721160888672,"{'huey': {'bb': [99.13626817533684, 582.1403853383393, 20, 20], 'center': [109.13626817533684, 592.1403853383393], 'orientation': 325.0}, 'enemy': {'bb': [500, 210, 20, 20], 'center': [120, 540]}}",[109.13626818 592.14038534],325.0,[120 540],[209.21307092 407.12606428],[  65802.24707197 -121650.15000096],"[array([ 10, 590]), array([510, 220])]",[-256431.8168992   210405.59335319],0.39022883172272893,-0.6097711682772711,0.5,0.19348462431858124,-109.7588102899088,[-379.13626818  267.85961466]
