time,delta_time,bots,huey_pos,huey_facing,enemy_pos,huey_old_pos,huey_velocity,enemy_old_pos[-1],enemy_velocity,speed,turn,left_speed,right_speed,angle,direction
13:53:14,2.5033950805664062e-05,"{'huey': {'bb': [199.21307092309192, 397.12606428385743, 20, 20], 'center': [209.21307092309192, 407.12606428385743], 'orientation': 90}, 'enemy': {'bb': [500, 210, 20, 20], 'center': [510, 220]}}",[209.21307092 407.12606428],90,[510 220],[209 407],[-8511.27833341 -5035.73266705],"[array([510, 220])]",[0. 0.],0.6771479891483283,-0.3228520108516717,0,0,-58.1133619533009,[ 300.78692908 -187.12606428]
13:53:14,0.0025038719177246094,"{'huey': {'bb': [99.13626817533684, 582.1403853383393, 20, 20], 'center': [109.13626817533684, 592.1403853383393], 'orientation': 325.0}, 'enemy': {'bb': [500, 210, 20, 20], 'center': [120, 540]}}",[109.13626818 592.14038534],325.0,[ 120 -540],[209.21307092 407.12606428],[ 39968.81870807 -73891.28802667],"[array([510, 220]), array([510, 220])]",[-155758.76594934  127802.06436869],0.37094167608011563,0.8334714120319632,0.5,0.1771479891483283,150.02485416575337,[-379.13626818 -812.14038534]
