time,delta_time,bots,huey_pos,huey_facing,enemy_pos,huey_old_pos,huey_velocity,enemy_old_pos[-1],enemy_velocity,speed,turn,left_speed,right_speed,angle,direction
13:14:57,1.4326841831207275,"{'huey': {'bb': [0, 0, 20, 20], 'center': [10, 10], 'orientation': 0.0}, 'enemy': {'bb': [780, 780, 20, 20], 'center': [790, 790]}}",[ 10 -10],0.0,[790 790],[1200 1200],[830.6087371 844.5685478],"[array([0, 0])]",[-551.41252295 -551.41252295],0.25,0.75,0,0,135.0,[-10.  10.]
13:14:58,1.0164177417755127,"{'huey': {'bb': [0, 0, 20, 20], 'center': [10, 10], 'orientation': 0.0}, 'enemy': {'bb': [780, 780, 20, 20], 'center': [790, 790]}}",[ 10 -10],0.0,[790 790],[ 10 -10],[0. 0.],"[array([0, 0]), array([790, 790])]",[0. 0.],0.7459709761163374,-0.25000000000000006,0.5,-0.25,-45.00000000000001,[780. 800.]
13:14:59,1.0039699077606201,"{'huey': {'bb': [0, 0, 20, 20], 'center': [10, 10], 'orientation': 0.0}, 'enemy': {'bb': [780, 780, 20, 20], 'center': [790, 790]}}",[ 10 -10],0.0,[790 790],[ 10 -10],[0. 0.],"[array([0, 0]), array([790, 790]), array([790, 790])]",[0. 0.],0.7459709761163374,-0.25000000000000006,0.2479854880581687,0.4979854880581688,-45.00000000000001,[780. 800.]
13:15:00,1.0206317901611328,"{'huey': {'bb': [0, 0, 20, 20], 'center': [10, 10], 'orientation': 0.0}, 'enemy': {'bb': [780, 780, 20, 20], 'center': [790, 790]}}",[ 10 -10],0.0,[790 790],[ 10 -10],[0. 0.],"[array([0, 0]), array([790, 790]), array([790, 790]), array([790, 790])]",[0. 0.],0.7459709761163374,-0.25000000000000006,0.2479854880581687,0.4979854880581688,-45.00000000000001,[780. 800.]
13:15:01,1.0678670406341553,"{'huey': {'bb': [0, 0, 20, 20], 'center': [10, 10], 'orientation': 0.0}, 'enemy': {'bb': [780, 780, 20, 20], 'center': [790, 790]}}",[ 10 -10],0.0,[790 790],[ 10 -10],[0. 0.],"[array([0, 0]), array([790, 790]), array([790, 790]), array([790, 790]), array([790, 790])]",[0. 0.],0.7459709761163374,-0.25000000000000006,0.2479854880581687,0.4979854880581688,-45.00000000000001,[780. 800.]
