time,delta_time,bots,huey_pos,huey_facing,enemy_pos,huey_old_pos,huey_velocity,enemy_old_pos[-1],enemy_velocity,speed,turn,left_speed,right_speed,angle,direction
13:48:29,1.1920928955078125e-06,"{'huey': {'bb': [0, 0, 20, 20], 'center': [10, 10], 'orientation': 0.0}, 'enemy': {'bb': [780, 580, 20, 20], 'center': [10, 590]}}",[10 10],0.0,[ 10 590],[10 10],[0. 0.],"[array([ 10, 590])]",[0. 0.],0.5,-0.5,0,0,-90.0,[  0. 580.]
13:48:29,0.0015370845794677734,"{'huey': {'bb': [138, 154, 20, 20], 'center': [148, 164], 'orientation': 270.0}, 'enemy': {'bb': [500, 210, 20, 20], 'center': [510, 220]}}",[148 164],270.0,[510 220],[10 10],[ -89780.35551419 -100189.67209555],"[array([ 10, 590]), array([ 10, 590])]",[ 325291.14316736 -240715.44594385],0.38880488169043315,0.6111951183095669,0.5,0.0,110.01512129572204,[ 862. -314.]
13:48:29,0.0004968643188476562,"{'huey': {'bb': [199.21307092309192, 397.12606428385743, 20, 20], 'center': [209.21307092309192, 407.12606428385743], 'orientation': 90}, 'enemy': {'bb': [500, 210, 20, 20], 'center': [510, 220]}}",[209.21307092 407.12606428],90,[510 220],[148 164],[-123198.7659429  -489320.83681864],"[array([ 10, 590]), array([ 10, 590]), array([510, 220])]",[0. 0.],0.6771479891483283,-0.3228520108516717,-0.11119511830956685,0.5,-58.1133619533009,[ 300.78692908 -187.12606428]
13:48:29,0.0004658699035644531,"{'huey': {'bb': [99.13626817533684, 582.1403853383393, 20, 20], 'center': [109.13626817533684, 592.1403853383393], 'orientation': 325.0}, 'enemy': {'bb': [500, 210, 20, 20], 'center': [120, 540]}}",[109.13626818 592.14038534],325.0,[120 540],[209.21307092 407.12606428],[ 214817.05940231 -397137.31159473],"[array([ 10, 590]), array([ 10, 590]), array([510, 220]), array([510, 220])]",[-837143.58239509  686887.0419652 ],0.39022883172272893,-0.6097711682772711,0.5,0.1771479891483283,-109.7588102899088,[-379.13626818  267.85961466]
