time,delta_time,bots,huey_pos,huey_facing,enemy_pos,huey_old_pos,huey_velocity,enemy_old_pos[-1],enemy_velocity,speed,turn,left_speed,right_speed,angle,direction
13:12:43,1.4497950077056885,"{'huey': {'bb': [0, 0, 20, 20], 'center': [10, 10], 'orientation': 0.0}, 'enemy': {'bb': [780, 580, 20, 20], 'center': [790, 590]}}",[ 10 -10],0.0,[790 590],[1200 1200],[820.80569575 834.60074946],"[array([0, 0])]",[-544.90462155 -406.95408445],0.2499999999999981,0.7500000000000019,0,0,135.00000000000034,[-10.  10.]
13:12:44,1.011962890625,"{'huey': {'bb': [0, 0, 20, 20], 'center': [10, 10], 'orientation': 0.0}, 'enemy': {'bb': [780, 580, 20, 20], 'center': [790, 590]}}",[ 10 -10],0.0,[790 590],[ 10 -10],[0. 0.],"[array([0, 0]), array([790, 590])]",[0. 0.],0.7912855998398473,-0.20352285486648564,0.5,-0.2500000000000019,-36.634113875967415,[780. 600.]
