time,delta_time,bots,huey_pos,huey_facing,enemy_pos,huey_old_pos,huey_velocity,enemy_old_pos[-1],enemy_velocity,speed,turn,left_speed,right_speed,angle,direction
13:52:11,2.09808349609375e-05,"{'huey': {'bb': [199.21307092309192, 397.12606428385743, 20, 20], 'center': [209.21307092309192, 407.12606428385743], 'orientation': 90}, 'enemy': {'bb': [500, 210, 20, 20], 'center': [510, 220]}}",[209.21307092 407.12606428],90,[510 220],[10 10],[ -9495002.04801146 -18928039.09011409],"[array([ 10, 590])]",[ 23831272.72727273 -17635141.81818182],0.6934846243185813,-0.3065153756814188,0,0,-55.17276762265538,[ 800.78692908 -557.12606428]
